,Metrics,Values,Model
0,eval_balanced_accuracy,0.8088213043139925,rf
1,eval_absolute_accuracy,0.9058059587471352,rf
2,eval_recall,0.9058059587471352,rf
3,eval_precision,0.9103518709335602,rf
4,eval_f1,0.9067323308357834,rf
5,eval_fit_time,291.1125748157501,rf
6,eval_score_time,1.4214162826538086,rf
7,eval_roc_auc,0.9925427061135138,rf
8,eval_log_loss,0.30683578378056703,rf
