,pp,df,rg,fc,dh,sh,fcxr,mfcr,if
eval_accuracy,0.9952305246422893,0.902867715078631,0.9469396741523558,0.8958961979480989,0.8693361433087461,0.7105263157894737,0.8392484342379958,0.8693467336683417,0.25
eval_precision,0.9165446559297218,0.9809045226130654,0.94506701823775,0.9497760716570698,0.6985605419136325,0.9,0.8383733055265902,0.8678929765886287,0.75
