,Metrics,Values,Model
0,eval_balanced_accuracy,0.66119682193917,svm
1,eval_absolute_accuracy,0.5319327731092437,svm
2,eval_recall,0.5319327731092437,svm
3,eval_precision,0.5824828717937864,svm
4,eval_f1,0.5212459625275301,svm
5,eval_fit_time,104.51195478439331,svm
6,eval_score_time,67.74641919136047,svm
7,eval_roc_auc,0.8903000140848804,svm
8,eval_log_loss,0.8896502136510209,svm
