,pp,df,rg,fc,dh,sh,fcxr,mfcr,if
eval_accuracy,1.0,0.14708603145235893,0.7505504183179216,0.26252263126131564,0.8619599578503688,0.0,0.6075156576200418,0.8609715242881072,0.0
eval_precision,0.35396736072031515,0.726027397260274,0.6195928753180662,0.8752515090543259,0.4309799789251844,0.0,0.5849246231155779,0.727015558698727,0.0
