,Metrics,Values,Model
0,eval_balanced_accuracy,0.5193315577772781,blstm
1,eval_absolute_accuracy,0.6455309396485867,blstm
2,eval_recall,0.6455309396485867,blstm
3,eval_precision,0.7070430373097719,blstm
4,eval_f1,0.6188608220620102,blstm
5,eval_fit_time,7729.67911028862,blstm
6,eval_score_time,5.295076847076416,blstm
7,eval_roc_auc,0.898895073835219,blstm
8,eval_log_loss,0.8842855968662849,blstm
