,Metrics,Values,Model
0,eval_balanced_accuracy,0.4989562467544572,blstm
1,eval_absolute_accuracy,0.5777692895339954,blstm
2,eval_recall,0.5777692895339954,blstm
3,eval_precision,0.6635599154671287,blstm
4,eval_f1,0.5479697026891281,blstm
5,eval_fit_time,1979.3597939014435,blstm
6,eval_score_time,8.839951992034912,blstm
7,eval_roc_auc,0.8846760424828164,blstm
8,eval_log_loss,1.0125203736710586,blstm
