,Metrics,Values,Model
0,eval_balanced_accuracy,0.5006730194975629,lstm
1,eval_absolute_accuracy,0.6039724980901452,lstm
2,eval_recall,0.6039724980901452,lstm
3,eval_precision,0.6598834512662906,lstm
4,eval_f1,0.5834658716966565,lstm
5,eval_fit_time,421.13016986846924,lstm
6,eval_score_time,3.5244688987731934,lstm
7,eval_roc_auc,0.8796286215965324,lstm
8,eval_log_loss,0.998107773761935,lstm
