,pp,df,rg,fc,dh,sh,fcxr,mfcr,if
eval_accuracy,0.9554848966613673,0.2784458834412581,0.8000880669308674,0.2957151478575739,0.8261327713382508,0.0,0.6064718162839249,0.7437185929648241,0.0
eval_precision,0.383535417996171,0.6703786191536748,0.6104485133546111,0.7526881720430108,0.4402021336327906,0.0,0.8030407740152039,0.751269035532995,0.0
