,Metrics,Values,Model
0,eval_balanced_accuracy,0.46208760142159794,lstm
1,eval_absolute_accuracy,0.5472116119174942,lstm
2,eval_recall,0.5472116119174942,lstm
3,eval_precision,0.6173945645698395,lstm
4,eval_f1,0.49958690650409876,lstm
5,eval_fit_time,419.2773492336273,lstm
6,eval_score_time,2.9628729820251465,lstm
7,eval_roc_auc,0.8449510602193089,lstm
8,eval_log_loss,1.138907931318362,lstm
